first_name,last_name,email,signup_date,last_login,user_country
Adam,Walker,adamwalker@notarealemail.com,2020-04-20,2020-04-20,235
James,Dean,jamesdean@notarealemail.com,2020-04-20,2020-04-20,235
Zackary,Morse,zackarymorse@notarealemail.com,2020-04-20,2020-04-20,235
Heriberto,Mellor,heribertomellor@notarealemail.com,2020-04-20,2020-04-20,235
Elton,Bussey,eltonbussey@notarealemail.com,2020-04-20,2020-04-20,235
Lionel,Dyches,lioneldyches@notarealemail.com,2020-04-20,2020-04-20,235
Rosalinda,Dublin,rosalindadublin@notarealemail.com,2020-04-20,2020-04-20,235
Shawanna,Noonkester,shawannanoonkester@notarealemail.com,2020-04-20,2020-04-20,235
Melaine,Goff,melainegoff@notarealemail.com,2020-04-20,2020-04-20,235
Suzan,Elia,suzanelia@notarealemail.com,2020-04-20,2020-04-20,235
Fairy,Eidson,fairyeidson@notarealemail.com,2020-04-20,2020-04-20,235
Yuonne,Hemstreet,yuonnehemstreet@notarealemail.com,2020-04-20,2020-04-20,235
Nancy,Costantino,nancycostantino@notarealemail.com,2020-04-20,2020-04-20,235
Nohemi,Kier,nohemikier@notarealemail.com,2020-04-20,2020-04-20,235
Arleen,Hass,arleenhass@notarealemail.com,2020-04-20,2020-04-20,235
Tamica,Magnus,tamicamagnus@notarealemail.com,2020-04-20,2020-04-20,235
Helena,Brodbeck,helenabrodbeck@notarealemail.com,2020-04-20,2020-04-20,235
Jacki,Killebrew,jackikillebrew@notarealemail.com,2020-04-20,2020-04-20,235
Julienne,Kegley,juliennekegley@notarealemail.com,2020-04-20,2020-04-20,235
Lexie,Lonergan,lexielonergan@notarealemail.com,2020-04-20,2020-04-20,235
Melonie,Gress,meloniegress@notarealemail.com,2020-04-20,2020-04-20,235
Foster,Mercurio,fostermercurio@notarealemail.com,2020-04-20,2020-04-20,235
Jolie,Vath,jolievath@notarealemail.com,2020-04-20,2020-04-20,235
Gabriella,Rolf,gabriellarolf@notarealemail.com,2020-04-20,2020-04-20,235
Homer,Rodiguez,homerrodiguez@notarealemail.com,2020-04-20,2020-04-20,235
Mabel,Comerford,mabelcomerford@notarealemail.com,2020-04-20,2020-04-20,235
Linh,Binkley,linhbinkley@notarealemail.com,2020-04-20,2020-04-20,235
Shoshana,Tomes,shoshanatomes@notarealemail.com,2020-04-20,2020-04-20,235
Velma,Costello,velmacostello@notarealemail.com,2020-04-20,2020-04-20,235
Ivory,Pringle,ivorypringle@notarealemail.com,2020-04-20,2020-04-20,235
Becky,Winborne,beckywinborne@notarealemail.com,2020-04-20,2020-04-20,235
Micki,Mcdivitt,mickimcdivitt@notarealemail.com,2020-04-20,2020-04-20,235
Crista,Donaghy,cristadonaghy@notarealemail.com,2020-04-20,2020-04-20,235
Margarett,Roessler,margarettroessler@notarealemail.com,2020-04-20,2020-04-20,235
Joella,Curnutte,joellacurnutte@notarealemail.com,2020-04-20,2020-04-20,235
Cynthia,Girard,cynthiagirard@notarealemail.com,2020-04-20,2020-04-20,235
Odelia,Kling,odeliakling@notarealemail.com,2020-04-20,2020-04-20,235
Veronique,Kmetz,veroniquekmetz@notarealemail.com,2020-04-20,2020-04-20,235
Dortha,Feingold,dorthafeingold@notarealemail.com,2020-04-20,2020-04-20,235
Misti,Tito,mistitito@notarealemail.com,2020-04-20,2020-04-20,235
Estrella,Vantrease,estrellavantrease@notarealemail.com,2020-04-20,2020-04-20,235
Alise,Such,alisesuch@notarealemail.com,2020-04-20,2020-04-20,235
Dennis,Engelhardt,dennisengelhardt@notarealemail.com,2020-04-20,2020-04-20,235
Nu,Westerlund,nuwesterlund@notarealemail.com,2020-04-20,2020-04-20,235
Danielle,Milano,daniellemilano@notarealemail.com,2020-04-20,2020-04-20,235
Frances,Oden,francesoden@notarealemail.com,2020-04-20,2020-04-20,235
Lucinda,Messier,lucindamessier@notarealemail.com,2020-04-20,2020-04-20,235
Hildred,Mccowan,hildredmccowan@notarealemail.com,2020-04-20,2020-04-20,235
Jannette,Island,jannetteisland@notarealemail.com,2020-04-20,2020-04-20,235
Reggie,Tomasini,reggietomasini@notarealemail.com,2020-04-20,2020-04-20,235
Myong,Rayos,myongrayos@notarealemail.com,2020-04-20,2020-04-20,235
Evie,Kindle,eviekindle@notarealemail.com,2020-04-20,2020-04-20,235
Diedre,Lieberman,diedrelieberman@notarealemail.com,2020-04-20,2020-04-20,235
Luigi,Puthoff,luigiputhoff@notarealemail.com,2020-04-20,2020-04-20,235
Hien,Abreu,hienabreu@notarealemail.com,2020-04-20,2020-04-20,235
Dennise,Dionne,dennisedionne@notarealemail.com,2020-04-20,2020-04-20,235
Jamie,Brickhouse,jamiebrickhouse@notarealemail.com,2020-04-20,2020-04-20,235
Cole,Kulesza,colekulesza@notarealemail.com,2020-04-20,2020-04-20,235
Jenee,Hannum,jeneehannum@notarealemail.com,2020-04-20,2020-04-20,235
Eldon,Pinter,eldonpinter@notarealemail.com,2020-04-20,2020-04-20,235
Elenora,Purser,elenorapurser@notarealemail.com,2020-04-20,2020-04-20,235
Reynalda,Rodiguez,reynaldarodiguez@notarealemail.com,2020-04-20,2020-04-20,235
Luanne,Ensley,luanneensley@notarealemail.com,2020-04-20,2020-04-20,235
Dorathy,Blankenship,dorathyblankenship@notarealemail.com,2020-04-20,2020-04-20,235
Manuel,Pedigo,manuelpedigo@notarealemail.com,2020-04-20,2020-04-20,235
Erica,Spurling,ericaspurling@notarealemail.com,2020-04-20,2020-04-20,235
Luana,Obryan,luanaobryan@notarealemail.com,2020-04-20,2020-04-20,235
Katherine,Dark,katherinedark@notarealemail.com,2020-04-20,2020-04-20,235
Gavin,Shoener,gavinshoener@notarealemail.com,2020-04-20,2020-04-20,235
Bridget,Kight,bridgetkight@notarealemail.com,2020-04-20,2020-04-20,235
Chrissy,Maiorano,chrissymaiorano@notarealemail.com,2020-04-20,2020-04-20,235
Ariane,Catalfamo,arianecatalfamo@notarealemail.com,2020-04-20,2020-04-20,235
Tiffaney,Duhon,tiffaneyduhon@notarealemail.com,2020-04-20,2020-04-20,235
Zaida,Koelling,zaidakoelling@notarealemail.com,2020-04-20,2020-04-20,235
Larisa,Sperling,larisasperling@notarealemail.com,2020-04-20,2020-04-20,235
Crystle,Prater,crystleprater@notarealemail.com,2020-04-20,2020-04-20,235
Delana,Human,delanahuman@notarealemail.com,2020-04-20,2020-04-20,235
Dustin,Lindsay,dustinlindsay@notarealemail.com,2020-04-20,2020-04-20,235
Shantel,Fiske,shantelfiske@notarealemail.com,2020-04-20,2020-04-20,235
Jesse,Rosenblatt,jesserosenblatt@notarealemail.com,2020-04-20,2020-04-20,235
Jolyn,Sell,jolynsell@notarealemail.com,2020-04-20,2020-04-20,235
Eva,Muhammad,evamuhammad@notarealemail.com,2020-04-20,2020-04-20,235
Janine,Osterman,janineosterman@notarealemail.com,2020-04-20,2020-04-20,235
Milagros,Galentine,milagrosgalentine@notarealemail.com,2020-04-20,2020-04-20,235
Kylie,Mckenna,kyliemckenna@notarealemail.com,2020-04-20,2020-04-20,235
Elsa,Banach,elsabanach@notarealemail.com,2020-04-20,2020-04-20,235
Shalonda,Holt,shalondaholt@notarealemail.com,2020-04-20,2020-04-20,235
Irish,Cartlidge,irishcartlidge@notarealemail.com,2020-04-20,2020-04-20,235
Marci,Rosalez,marcirosalez@notarealemail.com,2020-04-20,2020-04-20,235
Dawna,Savory,dawnasavory@notarealemail.com,2020-04-20,2020-04-20,235
Lacresha,Bullins,lacreshabullins@notarealemail.com,2020-04-20,2020-04-20,235
Georgeann,Coppinger,georgeanncoppinger@notarealemail.com,2020-04-20,2020-04-20,235
Valentina,Gorney,valentinagorney@notarealemail.com,2020-04-20,2020-04-20,235
Lavonna,Tung,lavonnatung@notarealemail.com,2020-04-20,2020-04-20,235
Renato,Keesling,renatokeesling@notarealemail.com,2020-04-20,2020-04-20,235
Leonora,Pica,leonorapica@notarealemail.com,2020-04-20,2020-04-20,235
Serita,Hogg,seritahogg@notarealemail.com,2020-04-20,2020-04-20,235
Luther,Helmers,lutherhelmers@notarealemail.com,2020-04-20,2020-04-20,235
Aldo,Toler,aldotoler@notarealemail.com,2020-04-20,2020-04-20,235
Stephaine,Paulhus,stephainepaulhus@notarealemail.com,2020-04-20,2020-04-20,235
Rolande,Hutchins,rolandehutchins@notarealemail.com,2020-04-20,2020-04-20,235
Taneka,Matsui,tanekamatsui@notarealemail.com,2020-04-20,2020-04-20,235
Pamala,Wicklund,pamalawicklund@notarealemail.com,2020-04-20,2020-04-20,235
Sirena,Speno,sirenaspeno@notarealemail.com,2020-04-20,2020-04-20,235
Onita,Kaufman,onitakaufman@notarealemail.com,2020-04-20,2020-04-20,235
Terresa,Feliciano,terresafeliciano@notarealemail.com,2020-04-20,2020-04-20,235
Sherice,Carrell,shericecarrell@notarealemail.com,2020-04-20,2020-04-20,235
Theresia,Vigue,theresiavigue@notarealemail.com,2020-04-20,2020-04-20,235
Demetrius,Lair,demetriuslair@notarealemail.com,2020-04-20,2020-04-20,235
Ian,Joines,ianjoines@notarealemail.com,2020-04-20,2020-04-20,235
Abraham,Thiede,abrahamthiede@notarealemail.com,2020-04-20,2020-04-20,235
Margherita,Staiger,margheritastaiger@notarealemail.com,2020-04-20,2020-04-20,235
Esmeralda,Hamman,esmeraldahamman@notarealemail.com,2020-04-20,2020-04-20,235
Cesar,Gillmore,cesargillmore@notarealemail.com,2020-04-20,2020-04-20,235
Matilda,Michalec,matildamichalec@notarealemail.com,2020-04-20,2020-04-20,235
Alane,Gammill,alanegammill@notarealemail.com,2020-04-20,2020-04-20,235
May,Eckart,mayeckart@notarealemail.com,2020-04-20,2020-04-20,235
Lidia,Huguley,lidiahuguley@notarealemail.com,2020-04-20,2020-04-20,235
Doretha,Mogan,dorethamogan@notarealemail.com,2020-04-20,2020-04-20,235
Georgia,Souliere,georgiasouliere@notarealemail.com,2020-04-20,2020-04-20,235
Booker,Columbus,bookercolumbus@notarealemail.com,2020-04-20,2020-04-20,235
Marietta,Slack,mariettaslack@notarealemail.com,2020-04-20,2020-04-20,235
Celinda,Burnley,celindaburnley@notarealemail.com,2020-04-20,2020-04-20,235
Kaye,Holloman,kayeholloman@notarealemail.com,2020-04-20,2020-04-20,235
Rosalia,Gibbs,rosaliagibbs@notarealemail.com,2020-04-20,2020-04-20,235
Ilene,Klaus,ileneklaus@notarealemail.com,2020-04-20,2020-04-20,235
Hyun,Cravey,hyuncravey@notarealemail.com,2020-04-20,2020-04-20,235
David,Zachery,davidzachery@notarealemail.com,2020-04-20,2020-04-20,235
Rocio,Bullis,rociobullis@notarealemail.com,2020-04-20,2020-04-20,235
Soledad,Schaper,soledadschaper@notarealemail.com,2020-04-20,2020-04-20,235
Nellie,Sebree,nelliesebree@notarealemail.com,2020-04-20,2020-04-20,235
Cindi,Suggs,cindisuggs@notarealemail.com,2020-04-20,2020-04-20,235
Jasmin,Penna,jasminpenna@notarealemail.com,2020-04-20,2020-04-20,235
Laci,Beer,lacibeer@notarealemail.com,2020-04-20,2020-04-20,235
Althea,Casterline,altheacasterline@notarealemail.com,2020-04-20,2020-04-20,235
Lelia,Newberry,lelianewberry@notarealemail.com,2020-04-20,2020-04-20,235
Bertie,Demarest,bertiedemarest@notarealemail.com,2020-04-20,2020-04-20,235
Bernardine,Defilippo,bernardinedefilippo@notarealemail.com,2020-04-20,2020-04-20,235
Claudio,Riggleman,claudioriggleman@notarealemail.com,2020-04-20,2020-04-20,235
Eusebio,Raver,eusebioraver@notarealemail.com,2020-04-20,2020-04-20,235
Elizebeth,Dobrowolski,elizebethdobrowolski@notarealemail.com,2020-04-20,2020-04-20,235
Kiesha,Speed,kieshaspeed@notarealemail.com,2020-04-20,2020-04-20,235
Laureen,Rotella,laureenrotella@notarealemail.com,2020-04-20,2020-04-20,235
Leo,Machnik,leomachnik@notarealemail.com,2020-04-20,2020-04-20,235
Russel,Bogard,russelbogard@notarealemail.com,2020-04-20,2020-04-20,235
Jeanett,Whitwell,jeanettwhitwell@notarealemail.com,2020-04-20,2020-04-20,235
Clarisa,Gast,clarisagast@notarealemail.com,2020-04-20,2020-04-20,235
Johanne,Poulos,johannepoulos@notarealemail.com,2020-04-20,2020-04-20,235
Mercy,Honore,mercyhonore@notarealemail.com,2020-04-20,2020-04-20,235
Roseline,Pietrzak,roselinepietrzak@notarealemail.com,2020-04-20,2020-04-20,235
Tai,Thome,taithome@notarealemail.com,2020-04-20,2020-04-20,235
Adelle,Maxon,adellemaxon@notarealemail.com,2020-04-20,2020-04-20,235
Lorenzo,Laboy,lorenzolaboy@notarealemail.com,2020-04-20,2020-04-20,235
Iraida,Lobo,iraidalobo@notarealemail.com,2020-04-20,2020-04-20,235
Lilian,Stcyr,lilianstcyr@notarealemail.com,2020-04-20,2020-04-20,235
Eldora,Hollingworth,eldorahollingworth@notarealemail.com,2020-04-20,2020-04-20,235
Norene,Schmitt,noreneschmitt@notarealemail.com,2020-04-20,2020-04-20,235
Elouise,Bjornson,elouisebjornson@notarealemail.com,2020-04-20,2020-04-20,235
Rubie,Schenkel,rubieschenkel@notarealemail.com,2020-04-20,2020-04-20,235
Torri,Kowaleski,torrikowaleski@notarealemail.com,2020-04-20,2020-04-20,235
Talitha,Firkins,talithafirkins@notarealemail.com,2020-04-20,2020-04-20,235
Elvie,Marriott,elviemarriott@notarealemail.com,2020-04-20,2020-04-20,235
Larhonda,Depaz,larhondadepaz@notarealemail.com,2020-04-20,2020-04-20,235
Aide,Kammerer,aidekammerer@notarealemail.com,2020-04-20,2020-04-20,235
Jack,Brunelle,jackbrunelle@notarealemail.com,2020-04-20,2020-04-20,235
Christin,Matter,christinmatter@notarealemail.com,2020-04-20,2020-04-20,235
Karissa,Haworth,karissahaworth@notarealemail.com,2020-04-20,2020-04-20,235
Roselee,Garden,roseleegarden@notarealemail.com,2020-04-20,2020-04-20,235
Velma,Gaunce,velmagaunce@notarealemail.com,2020-04-20,2020-04-20,235
Belva,Jorgensen,belvajorgensen@notarealemail.com,2020-04-20,2020-04-20,235
Kazuko,Check,kazukocheck@notarealemail.com,2020-04-20,2020-04-20,235
Tyrell,Rester,tyrellrester@notarealemail.com,2020-04-20,2020-04-20,235
Daphine,Harry,daphineharry@notarealemail.com,2020-04-20,2020-04-20,235
Kurt,Craw,kurtcraw@notarealemail.com,2020-04-20,2020-04-20,235
Digna,Colon,dignacolon@notarealemail.com,2020-04-20,2020-04-20,235
Trisha,Beale,trishabeale@notarealemail.com,2020-04-20,2020-04-20,235
Dominick,Arcand,dominickarcand@notarealemail.com,2020-04-20,2020-04-20,235
Maegan,Rutherford,maeganrutherford@notarealemail.com,2020-04-20,2020-04-20,235
Suellen,Toothman,suellentoothman@notarealemail.com,2020-04-20,2020-04-20,235
Manuela,Jeffreys,manuelajeffreys@notarealemail.com,2020-04-20,2020-04-20,235
Yahaira,Mullin,yahairamullin@notarealemail.com,2020-04-20,2020-04-20,235
Blanche,Christmas,blanchechristmas@notarealemail.com,2020-04-20,2020-04-20,235
Griselda,Rosamond,griseldarosamond@notarealemail.com,2020-04-20,2020-04-20,235
Ofelia,Neil,ofelianeil@notarealemail.com,2020-04-20,2020-04-20,235
Fe,Ketcham,feketcham@notarealemail.com,2020-04-20,2020-04-20,235
Sherice,Pillai,shericepillai@notarealemail.com,2020-04-20,2020-04-20,235
Douglass,Sandy,douglasssandy@notarealemail.com,2020-04-20,2020-04-20,235
Tawana,Blanca,tawanablanca@notarealemail.com,2020-04-20,2020-04-20,235
Clarine,Hettinger,clarinehettinger@notarealemail.com,2020-04-20,2020-04-20,235
Nakesha,Klaus,nakeshaklaus@notarealemail.com,2020-04-20,2020-04-20,235
Lauryn,Chamberlin,laurynchamberlin@notarealemail.com,2020-04-20,2020-04-20,235
Emmett,Brumbelow,emmettbrumbelow@notarealemail.com,2020-04-20,2020-04-20,235
Tonie,Scriber,toniescriber@notarealemail.com,2020-04-20,2020-04-20,235
Elmo,Hoppes,elmohoppes@notarealemail.com,2020-04-20,2020-04-20,235
Myriam,Cornett,myriamcornett@notarealemail.com,2020-04-20,2020-04-20,235
Velia,Fencl,veliafencl@notarealemail.com,2020-04-20,2020-04-20,235
Toni,Schuette,tonischuette@notarealemail.com,2020-04-20,2020-04-20,235
Terrilyn,Sather,terrilynsather@notarealemail.com,2020-04-20,2020-04-20,235
Patrica,Artiaga,patricaartiaga@notarealemail.com,2020-04-20,2020-04-20,235
Julissa,Fraise,julissafraise@notarealemail.com,2020-04-20,2020-04-20,235
Carli,Neveu,carlineveu@notarealemail.com,2020-04-20,2020-04-20,235
Greg,Vestal,gregvestal@notarealemail.com,2020-04-20,2020-04-20,235